id,type,start_date_local,moving_time,icu_rpe,feel
i24340942,Run,2023-09-26T10:13:56,1228,3.0,2.0
i24258671,Run,2023-09-24T14:07:17,5770,4.0,2.0
i24200993,Run,2023-09-23T12:33:18,4081,7.0,3.0
i24169001,Elliptical,2023-09-22T20:18:41,3002,4.0,3.0
i24130453,Run,2023-09-21T19:40:16,4113,7.0,2.0
i24096180,Run,2023-09-21T10:10:06,1217,3.0,2.0
i24073858,Elliptical,2023-09-20T20:07:43,3002,4.0,2.0
i24021434,Run,2023-09-19T19:51:59,4030,6.0,1.0
i23923062,VirtualRun,2023-09-17T22:27:56,5404,4.0,2.0
i23816151,Run,2023-09-15T19:16:12,4060,8.0,2.0
i23701479,Run,2023-09-13T15:45:05,5604,7.0,3.0
i23555749,Run,2023-09-10T20:59:27,5663,6.0,4.0
i23197099,Run,2023-09-03T19:24:17,4325,5.0,3.0
i22888431,Run,2023-08-28T19:01:33,2350,4.0,2.0
i22585639,Elliptical,2023-08-22T20:17:50,3002,3.0,2.0
i22512105,Run,2023-08-21T19:19:39,3002,3.0,4.0
i22471009,Run,2023-08-20T20:51:45,4128,8.0,3.0
i22415078,Run,2023-08-19T19:54:11,2373,3.0,3.0
i22373321,Elliptical,2023-08-18T22:06:10,3003,3.0,2.0
i22319198,Run,2023-08-17T19:00:47,5468,7.0,4.0
i22276925,Elliptical,2023-08-16T19:43:02,3002,3.0,1.0
i22172277,Run,2023-08-14T20:37:37,4794,8.0,2.0
i22127206,Run,2023-08-13T19:19:25,3009,3.0,3.0
i22076935,Elliptical,2023-08-12T16:49:54,4802,3.0,2.0
i22035253,Elliptical,2023-08-11T21:03:10,3004,3.0,1.0
i21987640,Run,2023-08-10T19:21:50,3862,8.0,3.0
i21942607,Elliptical,2023-08-09T20:12:12,3001,3.0,2.0
i21889838,Run,2023-08-08T19:54:46,4221,8.0,2.0
i21829677,Run,2023-08-07T19:36:38,2407,3.0,3.0
i21722502,Run,2023-08-05T13:56:47,1804,4.0,4.0
i21699094,Elliptical,2023-08-04T19:18:29,3602,4.0,3.0
i21651748,Run,2023-08-03T19:14:53,6239,4.0,3.0
i21598856,Elliptical,2023-08-02T20:37:03,2403,3.0,2.0
i21526782,Run,2023-08-01T13:22:33,5725,5.0,5.0
i21445293,Elliptical,2023-07-30T17:12:56,6303,4.0,3.0
i21399641,Elliptical,2023-07-29T18:25:00,2194,8.0,3.0
i21399630,Run,2023-07-29T17:41:38,2007,7.0,2.0
i21399598,Run,2023-07-29T17:03:43,1786,4.0,4.0
i21359222,Elliptical,2023-07-28T20:11:00,3001,4.0,4.0
i21297231,Elliptical,2023-07-27T20:47:19,2895,8.0,2.0
i21297137,Run,2023-07-27T19:37:14,3316,7.0,3.0
i21214946,Elliptical,2023-07-26T14:43:17,3005,4.0,4.0
i21160142,Elliptical,2023-07-25T20:48:27,2905,7.0,3.0
i21160110,Run,2023-07-25T19:56:35,2407,8.0,3.0
i21160073,Run,2023-07-25T19:10:30,1837,3.0,2.0
i21082420,Elliptical,2023-07-24T19:53:17,2403,3.0,2.0
i21032975,Run,2023-07-23T19:17:12,5113,4.0,1.0
i20944306,Run,2023-07-21T20:27:26,2999,5.0,5.0
i20899155,Elliptical,2023-07-20T20:53:34,2798,7.0,2.0
i20899120,Run,2023-07-20T20:11:51,1881,7.0,2.0
i20898547,Run,2023-07-20T19:26:36,1819,3.0,2.0
i20845627,Elliptical,2023-07-19T19:05:48,3001,4.0,3.0
i20794494,Elliptical,2023-07-18T20:41:13,3643,7.0,2.0
i20794447,Run,2023-07-18T20:09:27,1252,8.0,2.0
i20794430,Run,2023-07-18T19:31:20,1815,3.0,2.0
i20683497,Elliptical,2023-07-16T14:53:11,5460,7.0,3.0
i20651482,Run,2023-07-15T20:57:33,390,4.0,4.0
i20651477,Run,2023-07-15T20:03:04,3138,4.0,3.0
i20610825,Elliptical,2023-07-14T19:48:44,6360,8.0,2.0
i20570664,Run,2023-07-13T19:37:15,3377,3.0,2.0
i20516873,Elliptical,2023-07-12T19:22:05,6120,8.0,2.0
i20463082,Run,2023-07-11T18:08:15,2402,6.0,4.0
i20365667,Elliptical,2023-07-09T18:08:38,3001,3.0,2.0
i20335124,Elliptical,2023-07-08T18:40:25,1203,3.0,3.0
i20335120,Run,2023-07-08T18:07:39,1802,2.0,2.0
i20282990,Elliptical,2023-07-07T19:04:42,3908,4.0,3.0
i20282955,Run,2023-07-07T18:28:14,1317,4.0,4.0
i20242461,Elliptical,2023-07-06T18:49:34,3001,3.0,2.0
i20187190,Run,2023-07-05T18:41:50,3052,9.0,3.0
i20137919,Elliptical,2023-07-04T19:45:17,3065,3.0,2.0
i20079039,Elliptical,2023-07-03T17:50:49,3005,3.0,3.0
i20048229,Run,2023-07-02T21:45:35,3078,7.0,2.0
i20006238,Run,2023-07-01T17:53:36,2729,4.0,3.0
i19954686,Elliptical,2023-06-30T16:15:13,3004,4.0,3.0
i19914038,Elliptical,2023-06-29T14:48:32,4002,5.0,2.0
i19914015,Run,2023-06-29T13:22:24,2758,8.0,3.0
i19882102,Elliptical,2023-06-28T19:35:23,3003,3.0,2.0
i19836960,Elliptical,2023-06-27T19:50:12,3026,4.0,2.0
i19790258,Elliptical,2023-06-26T20:57:03,3987,7.0,3.0
i19786248,Run,2023-06-26T20:20:53,1411,7.0,3.0
i19786199,Run,2023-06-26T19:32:43,1802,3.0,2.0
i19651436,Run,2023-06-23T16:30:34,1220,4.0,4.0
i19618717,Elliptical,2023-06-22T19:17:47,3009,3.0,2.0
i19568927,Elliptical,2023-06-21T19:51:09,3002,3.0,3.0
i19523535,Elliptical,2023-06-20T20:53:33,4994,7.0,3.0
i19523406,Run,2023-06-20T20:18:11,1519,7.0,3.0
i19523313,Run,2023-06-20T19:45:22,1498,4.0,3.0
i19465610,Elliptical,2023-06-19T20:57:58,2401,3.0,2.0
i19398267,Run,2023-06-18T13:54:13,3596,4.0,4.0
i19338304,Elliptical,2023-06-17T11:11:53,7880,8.0,3.0
i19300720,StairStepper,2023-06-16T13:54:21,1204,3.0,2.0
i19300683,Run,2023-06-16T12:51:02,2441,3.0,4.0
i19248925,Elliptical,2023-06-15T10:39:04,6120,7.0,2.0
i19213788,Elliptical,2023-06-14T18:27:14,3010,3.0,3.0
i19168376,Elliptical,2023-06-13T19:47:18,4680,7.0,2.0
i19069904,StairStepper,2023-06-11T17:40:22,4802,4.0,2.0
i19031784,Elliptical,2023-06-10T19:39:16,4840,7.0,3.0
i18959102,StairStepper,2023-06-09T13:04:50,3001,3.0,2.0
i18935774,Elliptical,2023-06-08T21:19:20,4099,7.0,2.0
i18910716,Elliptical,2023-06-08T13:54:41,4099,7.0,2.0
i18880221,Elliptical,2023-06-07T19:45:18,2403,3.0,3.0
i18832382,Workout,2023-06-06T19:51:45,4080,7.0,2.0
i18803844,Elliptical,2023-06-06T08:49:06,4080,8.0,5.0
i18701699,Elliptical,2023-06-04T17:34:20,4080,7.0,3.0
i18679873,Elliptical,2023-06-04T09:34:09,4080,7.0,3.0
i18654073,Elliptical,2023-06-03T14:25:51,3012,3.0,3.0
i18620493,Run,2023-06-02T18:26:51,4362,8.0,2.0
i18573402,Elliptical,2023-06-01T20:04:42,3001,4.0,3.0
i18532068,Elliptical,2023-05-31T19:46:10,3023,2.0,3.0
i18472766,Run,2023-05-30T19:04:25,4863,8.0,1.0
i18375197,Run,2023-05-28T20:13:52,3767,6.0,3.0
i18348122,Run,2023-05-28T10:13:45,3812,5.0,4.0
i18321550,Elliptical,2023-05-27T14:05:48,3021,3.0,3.0
i18282801,Run,2023-05-26T16:16:31,4684,7.0,2.0
i18257573,Elliptical,2023-05-25T20:13:10,3027,4.0,3.0
i18257695,Run,2023-05-24T20:31:04,3638,3.0,1.0
i18160182,Elliptical,2023-05-23T21:29:37,4460,7.0,3.0
i18128243,Elliptical,2023-05-23T09:01:26,4460,7.0,2.0
i18108491,Elliptical,2023-05-22T19:51:52,3002,3.0,3.0
i18054876,Elliptical,2023-05-21T16:57:37,7220,6.0,3.0
i18001061,Run,2023-05-20T17:26:05,4292,7.0,2.0
i17962253,Elliptical,2023-05-19T20:04:27,3609,3.0,2.0
i17915104,Run,2023-05-18T20:57:14,3573,4.0,3.0
i17915079,Run,2023-05-18T20:16:05,1712,5.0,4.0
i17874596,Elliptical,2023-05-17T20:36:52,2401,3.0,3.0
i17828508,Run,2023-05-16T19:26:41,1871,4.0,3.0
i17745178,Run,2023-05-14T11:49:03,6008,6.0,4.0
i17724343,Elliptical,2023-05-13T20:22:09,4000,7.0,3.0
i17697307,Elliptical,2023-05-13T09:42:29,4000,7.0,4.0
i17635281,Run,2023-05-11T17:23:54,3957,7.0,3.0
i17598348,Run,2023-05-10T21:24:29,619,5.0,2.0
i17598330,Run,2023-05-10T20:22:01,2431,3.0,3.0
i17559335,Elliptical,2023-05-09T20:12:06,4080,8.0,3.0
i17528471,Elliptical,2023-05-09T08:26:35,4080,8.0,4.0
i17511934,Run,2023-05-08T19:50:29,4816,3.0,2.0
i17443183,Run,2023-05-07T12:17:13,6002,5.0,3.0
i17415413,Elliptical,2023-05-06T19:25:01,4000,7.0,3.0
i17398578,Elliptical,2023-05-06T11:35:09,4000,7.0,2.0
i17377350,Run,2023-05-05T20:15:19,3602,4.0,3.0
i17306898,Elliptical,2023-05-04T08:33:02,4100,8.0,4.0
i17293909,Run,2023-05-03T20:44:00,648,5.0,3.0
i17293900,Run,2023-05-03T19:38:10,3016,3.0,2.0
i17245169,Elliptical,2023-05-02T20:06:50,4080,7.0,1.0
i17213978,Elliptical,2023-05-02T09:06:19,4080,7.0,3.0
i17188758,Run,2023-05-01T18:59:20,3003,3.0,2.0
i17138904,Elliptical,2023-04-30T16:43:15,3631,5.0,3.0
i17135316,Run,2023-04-30T15:13:47,3339,7.0,3.0
i17091508,Run,2023-04-29T16:09:30,3005,3.0,4.0
i17053984,Run,2023-04-28T17:56:12,3603,3.0,3.0
i17016668,Elliptical,2023-04-27T18:28:41,4517,4.0,3.0
i16976352,Run,2023-04-26T18:30:58,3615,3.0,3.0
i16934798,Run,2023-04-25T18:46:45,4177,4.0,3.0
i16856300,Run,2023-04-23T18:51:09,6009,5.0,3.0
i16810701,Elliptical,2023-04-22T20:48:00,3999,8.0,5.0
i16780660,Elliptical,2023-04-22T09:27:37,4000,7.0,4.0
i16716462,Elliptical,2023-04-20T20:09:24,4100,8.0,3.0
i16699174,Elliptical,2023-04-20T13:30:43,4100,7.0,4.0
i16671652,Run,2023-04-19T21:08:14,719,4.0,2.0
i16671629,Run,2023-04-19T19:56:28,3004,4.0,3.0
i16623288,Elliptical,2023-04-18T19:47:47,4080,8.0,1.0
i16587274,Elliptical,2023-04-18T08:47:08,4080,7.0,4.0
i16559871,Run,2023-04-17T18:24:26,2946,4.0,3.0
i16521163,Run,2023-04-16T19:02:49,2991,4.0,2.0
i16521115,Elliptical,2023-04-16T18:04:55,3004,4.0,3.0
i16472807,Elliptical,2023-04-15T17:54:38,4000,7.0,2.0
i16450780,Elliptical,2023-04-15T09:08:46,4000,7.0,3.0
i16426182,Run,2023-04-14T16:54:42,3609,3.0,2.0
i16342754,Elliptical,2023-04-13T07:55:27,3811,4.0,1.0
i16330463,Run,2023-04-12T21:19:05,2405,3.0,2.0
i16280125,Elliptical,2023-04-11T19:50:50,4080,7.0,3.0
i16241119,Elliptical,2023-04-11T08:41:42,4080,7.0,3.0
i16228723,Run,2023-04-10T20:01:54,3008,3.0,1.0
i16182958,Run,2023-04-09T18:51:50,5427,4.0,1.0
i16138362,Elliptical,2023-04-08T17:48:23,4080,8.0,3.0
i16120552,Elliptical,2023-04-08T11:11:22,4080,8.0,3.0
i16092189,Run,2023-04-07T18:07:23,3002,4.0,3.0
i16064075,Elliptical,2023-04-06T20:37:13,4100,7.0,2.0
i16040398,Elliptical,2023-04-06T08:32:51,4100,7.0,2.0
i15802683,Run,2023-03-31T19:50:37,645,5.0,3.0
i15802663,Run,2023-03-31T18:41:56,3004,3.0,3.0
i15769442,Elliptical,2023-03-30T20:11:34,4100,7.0,2.0
i15747627,Elliptical,2023-03-30T08:54:18,2696,7.0,2.0
i15747617,Elliptical,2023-03-30T08:30:53,1381,6.0,2.0
i15734373,Run,2023-03-29T21:19:46,644,4.0,1.0
i15734353,Run,2023-03-29T20:14:05,3032,3.0,2.0
i15696602,Elliptical,2023-03-28T20:39:32,4080,7.0,2.0
i15665071,Elliptical,2023-03-28T08:25:38,4080,7.0,2.0
i15655539,Run,2023-03-27T20:12:09,3015,3.0,2.0
i15610976,Run,2023-03-26T19:21:32,640,4.0,3.0
i15610947,Run,2023-03-26T18:09:54,3005,4.0,3.0
i15610371,Elliptical,2023-03-26T16:52:50,4209,4.0,2.0
i15564852,Elliptical,2023-03-25T15:42:15,3013,4.0,3.0
i15564829,Elliptical,2023-03-24T19:00:21,4446,5.0,3.0
i15495582,Run,2023-03-23T17:22:43,3617,4.0,2.0
i15456217,Elliptical,2023-03-22T19:41:58,4446,6.0,3.0
i15319798,Elliptical,2023-03-19T16:59:26,7210,6.0,2.0
i15277843,Elliptical,2023-03-18T17:49:02,4100,8.0,2.0
i15256742,Elliptical,2023-03-18T09:35:27,4100,7.0,2.0
i15239162,Run,2023-03-17T18:08:48,3002,4.0,3.0
i15198088,Run,2023-03-16T19:22:15,3885,6.0,1.0
i15163397,Run,2023-03-15T22:07:22,653,4.0,3.0
i15163388,Run,2023-03-15T21:09:21,3008,4.0,3.0
i15111992,Elliptical,2023-03-14T21:17:48,4080,7.0,3.0
i15085687,Elliptical,2023-03-14T08:33:38,4080,7.0,2.0
i15064178,Run,2023-03-13T17:47:38,3001,4.0,3.0
i15026894,Run,2023-03-12T18:33:50,1315,5.0,3.0
i15026769,Elliptical,2023-03-12T17:49:50,2418,4.0,3.0
i15026756,Run,2023-03-12T16:56:30,3005,4.0,3.0
i14949532,Run,2023-03-10T17:52:39,642,5.0,2.0
i14949521,Run,2023-03-10T16:58:00,3004,3.0,2.0
i14916112,Elliptical,2023-03-09T20:22:18,4100,8.0,4.0
i14889937,Elliptical,2023-03-09T08:32:34,4100,8.0,3.0
i14870961,Run,2023-03-08T20:31:05,1805,3.0,1.0
i14870921,Elliptical,2023-03-08T19:46:56,1804,3.0,2.0
i14860145,Elliptical,2023-03-07T20:07:04,4079,8.0,3.0
i14800917,Elliptical,2023-03-07T08:27:30,4080,7.0,2.0
i14779741,Run,2023-03-06T19:58:22,1808,3.0,3.0
i14779643,Elliptical,2023-03-06T19:11:58,1807,4.0,3.0
i14708767,Run,2023-03-05T18:35:39,1579,3.0,2.0
i14708748,Elliptical,2023-03-05T17:31:22,3603,5.0,3.0
i14708726,Run,2023-03-05T16:54:48,1805,3.0,3.0
i14633530,Ride,2023-03-04T18:45:29,926,8.0,2.0
i14631667,Run,2023-03-04T18:01:45,1883,6.0,1.0
i14631610,Elliptical,2023-03-04T17:39:49,603,3.0,3.0
i14585020,Run,2023-03-03T22:23:35,667,5.0,3.0
i14584541,Run,2023-03-03T21:51:31,1804,3.0,2.0
i14584502,Elliptical,2023-03-03T21:07:09,1805,3.0,3.0
i14541219,Elliptical,2023-03-02T20:55:22,4100,8.0,2.0
i14505292,Elliptical,2023-03-02T08:28:50,4100,7.0,2.0
i14463664,Run,2023-03-01T14:12:36,659,4.0,3.0
i14463656,Run,2023-03-01T13:39:31,1806,3.0,2.0
i14463635,Elliptical,2023-03-01T12:57:09,1816,3.0,2.0
i14432750,Elliptical,2023-02-28T20:22:47,4080,7.0,2.0
i14396942,Elliptical,2023-02-28T08:28:03,4079,8.0,2.0
i14377749,Run,2023-02-27T21:02:38,1813,3.0,2.0
i14377660,Elliptical,2023-02-27T20:18:04,1805,3.0,2.0
i14331012,Run,2023-02-26T21:32:49,1810,5.0,2.0
i14331001,Elliptical,2023-02-26T20:29:28,3646,4.0,2.0
i14330985,Run,2023-02-26T19:57:39,1804,3.0,1.0
i14267427,Elliptical,2023-02-25T14:50:33,4445,5.0,4.0
i14237591,Run,2023-02-24T20:47:34,1805,3.0,1.0
i14237428,Elliptical,2023-02-24T19:56:09,1803,3.0,2.0
i14180805,Elliptical,2023-02-23T20:09:06,4413,4.0,2.0
i14115694,Run,2023-02-22T21:06:42,644,5.0,3.0
i14113598,Run,2023-02-22T19:53:18,2706,3.0,2.0
i14113438,Elliptical,2023-02-22T19:32:27,907,3.0,2.0
i14050212,Elliptical,2023-02-21T20:55:37,4443,5.0,2.0
i13927122,Elliptical,2023-02-19T19:14:18,7360,4.0,3.0
i13881718,Elliptical,2023-02-18T20:32:19,4683,7.0,2.0
i13829122,Run,2023-02-17T20:28:45,670,4.0,3.0
i13829108,Run,2023-02-17T19:53:42,1805,3.0,2.0
i13829091,Elliptical,2023-02-17T19:20:33,1804,3.0,3.0
i13786690,Elliptical,2023-02-16T20:09:02,4100,7.0,1.0
i13761330,Elliptical,2023-02-16T08:43:28,4100,7.0,3.0
i13749909,Run,2023-02-15T20:56:14,664,4.0,1.0
i13749901,Run,2023-02-15T20:16:06,1807,4.0,3.0
i13749892,Elliptical,2023-02-15T19:41:56,1803,3.0,2.0
i13698702,Elliptical,2023-02-14T20:29:08,4080,8.0,3.0
i13684760,Elliptical,2023-02-14T13:50:26,4080,7.0,2.0
i13660795,Run,2023-02-13T21:03:18,3611,3.0,2.0
i13660030,Elliptical,2023-02-13T19:59:35,3606,4.0,3.0
i13579982,Elliptical,2023-02-11T20:46:29,4100,6.0,2.0
i13566269,Elliptical,2023-02-11T13:02:42,4100,7.0,3.0
i13534136,Run,2023-02-10T16:43:33,693,5.0,2.0
i13534104,Run,2023-02-10T16:06:47,1802,3.0,2.0
i13534023,Elliptical,2023-02-10T15:32:13,1802,4.0,3.0
i13504872,Elliptical,2023-02-09T19:58:38,4862,8.0,3.0
i13474606,Run,2023-02-08T21:04:58,666,4.0,1.0
i13474599,Run,2023-02-08T20:31:04,1801,4.0,2.0
i13474586,Elliptical,2023-02-08T19:57:45,1803,3.0,3.0
i13428364,Elliptical,2023-02-07T21:00:53,3960,8.0,4.0
i13407463,Elliptical,2023-02-07T13:04:15,3960,8.0,4.0
i13385868,Elliptical,2023-02-06T21:51:15,2406,3.0,3.0
i13349681,Elliptical,2023-02-05T18:56:09,7207,8.0,3.0
i13299672,Run,2023-02-04T22:05:50,653,4.0,2.0
i13299667,Run,2023-02-04T21:28:54,1494,3.0,3.0
i13299659,Elliptical,2023-02-04T20:56:27,1804,3.0,2.0
i13257902,Elliptical,2023-02-03T17:35:20,4100,7.0,2.0
i13240900,Elliptical,2023-02-03T10:37:06,4100,7.0,2.0
i13182408,Run,2023-02-01T19:49:33,1801,3.0,3.0
i13182348,Elliptical,2023-02-01T19:16:08,1803,3.0,2.0
i13125553,Elliptical,2023-01-31T10:47:08,4000,6.0,3.0
i13098191,Elliptical,2023-01-30T18:05:29,2118,3.0,1.0
i13057974,Elliptical,2023-01-29T18:08:34,3001,3.0,2.0
i13010084,Elliptical,2023-01-28T17:52:23,3960,7.0,3.0
i12972398,Run,2023-01-27T20:14:40,406,4.0,3.0
i12972393,Run,2023-01-27T19:39:06,1804,4.0,3.0
i12972383,Elliptical,2023-01-27T19:04:44,1803,3.0,2.0
i12928665,Elliptical,2023-01-26T18:44:52,4080,7.0,3.0
i12889783,Elliptical,2023-01-25T19:23:20,1802,3.0,2.0
i12889731,Run,2023-01-25T18:48:45,1803,3.0,2.0
i12849205,Elliptical,2023-01-24T18:32:11,4100,7.0,2.0
i12783385,Elliptical,2023-01-23T11:24:42,3605,4.0,3.0
i12762918,Elliptical,2023-01-22T18:00:02,3603,4.0,2.0
i12687204,Run,2023-01-20T19:37:49,3603,4.0,2.0
i12641879,Run,2023-01-19T19:26:19,2412,3.0,2.0
i12442784,Elliptical,2023-01-15T18:05:53,3301,4.0,3.0
i12380160,Elliptical,2023-01-14T17:55:16,3905,6.0,2.0
i12315290,Elliptical,2023-01-13T20:16:23,3602,4.0,3.0
i12268486,Elliptical,2023-01-12T20:38:05,3401,7.0,3.0
i12234988,Elliptical,2023-01-11T21:45:46,3604,4.0,2.0
i12191208,Run,2023-01-10T19:38:22,2946,8.0,5.0
i12106680,Run,2023-01-08T17:57:07,2956,8.0,2.0
i12074871,Run,2023-01-07T20:38:21,3280,3.0,2.0
i12065489,Run,2023-01-07T14:29:40,3001,3.0,4.0
i12046157,Run,2023-01-06T22:22:28,1503,3.0,3.0
i12046116,Run,2023-01-06T20:26:39,1502,3.0,3.0
i12005377,Run,2023-01-05T19:52:19,4377,7.0,3.0
i11988300,Run,2023-01-05T14:22:46,1801,2.0,2.0
i11964599,Run,2023-01-04T22:04:02,1238,3.0,3.0
i11964590,Run,2023-01-04T20:42:10,1990,4.0,3.0
i11947842,Run,2023-01-04T14:28:55,3002,3.0,3.0
i11919806,Run,2023-01-03T19:20:04,5053,8.0,3.0
i11874068,Run,2023-01-02T18:40:11,3303,3.0,2.0
i11825718,Run,2023-01-01T19:59:57,2999,4.0,3.0
i11813068,Run,2023-01-01T14:16:29,3001,4.0,4.0
i11796798,Run,2022-12-31T18:53:35,3000,4.0,3.0
i11791472,Run,2022-12-31T14:25:44,3001,3.0,4.0
i11771496,Run,2022-12-30T20:30:22,3995,8.0,4.0
i11739272,Run,2022-12-29T19:47:53,3002,4.0,4.0
i11726210,Run,2022-12-29T13:18:46,1801,4.0,4.0
i11712265,Run,2022-12-28T20:08:29,5198,5.0,3.0
i11670428,Run,2022-12-27T17:42:34,3003,3.0,2.0
i11638214,Run,2022-12-26T17:26:32,3001,4.0,3.0
i11618221,Run,2022-12-25T19:19:14,4805,5.0,4.0
i11594973,Run,2022-12-24T13:51:11,1801,6.0,5.0
i11581240,Run,2022-12-23T19:46:56,5273,8.0,5.0
i11556618,Run,2022-12-22T19:35:49,3619,4.0,4.0
i11521143,Run,2022-12-21T13:35:03,3700,5.0,4.0
i11504222,Run,2022-12-20T21:26:00,3002,4.0,4.0
i11331590,Run,2022-12-14T20:28:28,5269,8.0,2.0
i11301459,Run,2022-12-13T20:36:38,3002,3.0,3.0
i11270331,Run,2022-12-12T20:23:56,6005,6.0,2.0
i11248203,Run,2022-12-11T19:31:02,5804,8.0,4.0
i11214638,Run,2022-12-10T18:29:22,1859,2.0,3.0
i11183692,Run,2022-12-09T13:51:10,3700,5.0,3.0
i11170045,Run,2022-12-08T19:15:05,5614,8.0,2.0
i11144976,Elliptical,2022-12-07T20:40:38,3000,3.0,3.0
i11113304,Run,2022-12-06T19:15:57,6009,8.0,3.0
i11089656,Run,2022-12-05T18:43:49,5601,8.0,1.0
i11054647,Run,2022-12-04T18:32:52,3056,3.0,1.0
i11010618,Run,2022-12-03T08:56:13,2996,3.0,3.0
i10988065,Run,2022-12-02T13:51:17,3004,3.0,4.0
i10972939,Run,2022-12-01T20:45:22,3718,8.0,3.0
i10964821,Run,2022-12-01T14:22:18,4084,8.0,5.0
i10936462,Run,2022-11-30T19:58:22,3081,4.0,3.0
i10891910,Run,2022-11-29T20:24:07,4254,6.0,1.0
i10881263,Run,2022-11-29T14:02:55,4050,7.0,2.0
i10862855,Run,2022-11-28T18:20:02,3004,4.0,4.0
i10838090,Run,2022-11-27T19:06:54,3879,4.0,2.0
i10838036,Run,2022-11-27T18:22:48,2173,3.0,3.0
i10804402,Run,2022-11-26T17:48:41,2999,3.0,2.0
i10802052,Run,2022-11-26T13:56:30,3949,8.0,4.0
i10783655,Run,2022-11-25T23:43:05,3091,3.0,3.0
i10749307,Run,2022-11-24T20:23:26,3644,8.0,4.0
i10739227,Run,2022-11-24T14:01:29,3965,8.0,2.0
i10718678,Run,2022-11-23T19:17:04,3083,4.0,3.0
i10696371,Run,2022-11-22T20:40:40,3791,7.0,2.0
i10686050,Run,2022-11-22T14:04:49,4087,7.0,2.0
i10670412,Run,2022-11-21T19:43:47,2996,2.0,2.0
i10630240,Run,2022-11-20T13:11:26,5940,5.0,3.0
i10603776,Run,2022-11-19T15:51:29,4507,8.0,2.0
i10582225,Run,2022-11-18T20:15:34,3104,3.0,3.0
i10554735,Run,2022-11-17T19:49:10,3765,8.0,4.0
i10539891,Run,2022-11-17T12:22:25,3807,7.0,2.0
i10517666,Run,2022-11-16T19:33:46,3091,3.0,2.0
i10506834,Run,2022-11-16T13:21:35,3000,3.0,4.0
i10480327,Run,2022-11-15T19:30:12,3775,8.0,2.0
i10459271,Run,2022-11-15T08:29:49,4018,8.0,3.0
i10446381,Run,2022-11-14T18:49:16,3005,2.0,2.0
i10421106,Run,2022-11-13T16:55:57,5964,5.0,3.0
i10397635,Run,2022-11-12T17:55:27,4131,5.0,2.0
i10366931,Run,2022-11-11T19:29:24,4099,4.0,3.0
i10322790,Run,2022-11-10T12:48:50,4314,6.0,1.0
i10299175,Run,2022-11-09T15:56:08,4205,3.0,1.0
i10270102,Run,2022-11-08T19:40:43,4266,5.0,1.0
i10207835,Run,2022-11-06T17:16:07,6002,5.0,2.0
i10180328,Run,2022-11-05T17:09:08,3533,8.0,1.0
i10151788,Run,2022-11-04T14:59:54,3077,3.0,3.0
i10130973,Run,2022-11-03T19:40:57,3747,7.0,2.0
i10122047,Run,2022-11-03T13:25:44,3753,7.0,1.0
i10089393,Run,2022-11-02T16:29:03,3089,3.0,1.0
i10058163,Run,2022-11-01T19:31:37,4092,8.0,4.0
i10048678,Run,2022-11-01T13:32:17,4087,7.0,2.0
i10019949,Run,2022-10-31T17:56:15,3003,2.0,3.0
i9983926,Run,2022-10-30T15:42:13,6005,6.0,1.0
i9955035,Run,2022-10-29T17:01:40,4695,8.0,2.0
i9922909,Run,2022-10-28T18:51:26,677,4.0,3.0
i9922883,Elliptical,2022-10-28T18:05:30,2404,4.0,3.0
i9892917,Run,2022-10-27T19:30:32,3959,8.0,2.0
i9881483,Run,2022-10-27T13:33:28,3995,7.0,3.0
i9859052,Run,2022-10-26T18:06:17,3076,3.0,3.0
i9828757,Run,2022-10-25T18:12:57,3702,7.0,2.0
i9821659,Run,2022-10-25T13:23:12,4085,7.0,2.0
i9770649,Run,2022-10-23T17:18:02,3281,6.0,5.0
i9737966,Run,2022-10-22T16:32:39,3012,8.0,2.0
i9702261,Run,2022-10-21T17:29:14,3082,5.0,4.0
i9672226,Run,2022-10-20T19:35:45,3695,7.0,2.0
i9654727,Run,2022-10-20T12:40:30,3704,8.0,2.0
i9633656,Run,2022-10-19T18:15:09,3078,3.0,2.0
i9607003,Run,2022-10-18T19:38:12,4049,7.0,3.0
i9583685,Run,2022-10-18T13:14:04,4062,6.0,1.0
i9512154,Run,2022-10-16T15:46:48,5408,6.0,3.0
i9481805,Run,2022-10-15T13:31:28,4775,6.0,3.0
i9458366,Run,2022-10-14T14:55:29,2999,3.0,2.0
i9441476,Run,2022-10-13T19:30:16,4745,6.0,4.0
i9411118,Run,2022-10-12T17:45:00,3001,3.0,3.0
i9390213,Run,2022-10-11T19:49:20,4744,4.0,1.0
i9322883,Run,2022-10-09T12:30:01,6001,4.0,1.0
i9301884,Run,2022-10-08T15:02:25,5112,8.0,1.0
i9276728,Run,2022-10-07T13:56:47,3961,4.0,3.0
i9257948,Run,2022-10-06T20:08:52,3397,7.0,3.0
i9244468,Run,2022-10-06T13:27:43,3631,7.0,2.0
i9221174,Run,2022-10-05T18:13:05,4003,3.0,1.0
i9197503,Run,2022-10-04T20:37:41,3696,8.0,2.0
i9187080,Run,2022-10-04T13:37:17,4254,7.0,1.0
i9133799,Run,2022-10-02T13:57:56,5435,7.0,3.0
i9113700,Run,2022-10-01T16:40:28,4656,8.0,1.0
i9077887,Run,2022-09-30T15:23:14,2994,3.0,2.0
i9055333,Run,2022-09-29T18:02:38,4792,6.0,2.0
i9033964,Run,2022-09-28T18:32:52,3678,3.0,1.0
i9004192,Run,2022-09-27T19:22:52,4069,6.0,2.0
i8993344,Run,2022-09-27T10:32:50,4081,5.0,2.0
i8929977,Run,2022-09-25T11:25:36,5401,6.0,3.0
i8901550,Run,2022-09-24T12:41:59,4138,8.0,2.0
i8878519,Run,2022-09-23T14:21:58,3680,4.0,1.0
i8852598,Run,2022-09-22T13:55:30,4245,8.0,3.0
i8838493,Run,2022-09-21T15:11:00,3704,4.0,3.0
i8804726,Run,2022-09-20T17:57:08,4081,7.0,2.0
i8796118,Run,2022-09-20T11:14:53,4075,6.0,1.0
i8752126,Run,2022-09-18T13:59:46,5401,5.0,2.0
i8735768,Run,2022-09-17T18:50:36,5325,8.0,2.0
i8622903,Run,2022-09-13T20:53:27,2551,4.0,1.0
i8579924,Run,2022-09-12T13:26:33,4842,7.0,3.0
i8552371,Run,2022-09-11T12:45:57,4797,5.0,5.0
i8547061,Run,2022-09-10T13:54:37,4709,8.0,2.0
i8513658,Run,2022-09-09T19:29:10,2821,4.0,1.0
i8490041,Run,2022-09-08T18:41:27,3300,5.0,1.0
i8453281,Run,2022-09-07T14:41:43,2778,4.0,1.0
i8426358,Run,2022-09-06T14:36:45,2980,7.0,2.0
i8349253,Run,2022-09-03T12:48:13,3725,8.0,2.0
i8327583,Run,2022-09-02T14:59:20,2733,4.0,4.0
i8303940,Run,2022-09-01T19:49:06,3872,5.0,4.0
i8285642,Run,2022-09-01T10:00:02,3612,5.0,3.0
i8260725,Run,2022-08-31T12:32:04,2727,5.0,4.0
i8243761,Run,2022-08-30T18:50:10,3881,4.0,1.0
i8187190,Run,2022-08-28T18:44:41,5401,5.0,3.0
i8159568,Run,2022-08-27T19:00:08,3450,8.0,2.0
i8135931,Run,2022-08-26T18:39:48,2788,4.0,1.0
i8103798,Run,2022-08-25T17:58:56,3903,5.0,2.0
i8090569,Run,2022-08-25T08:19:04,3902,5.0,3.0
i8074563,Run,2022-08-24T18:02:21,2779,4.0,3.0
i8037915,Run,2022-08-23T11:44:38,3523,4.0,2.0
i8008652,Run,2022-08-21T19:58:49,5498,4.0,2.0
i7978358,Run,2022-08-20T20:06:09,4202,4.0,2.0
i7951885,Run,2022-08-19T17:46:17,3992,4.0,2.0
i7925813,Run,2022-08-18T19:14:11,3489,4.0,2.0
i7897030,Run,2022-08-17T19:09:26,3238,3.0,2.0
i7814286,Run,2022-08-13T22:28:21,3129,4.0,2.0
i7791211,Run,2022-08-12T18:42:10,3010,4.0,2.0
i7767900,Run,2022-08-11T18:56:07,2900,3.0,1.0
i7722458,Run,2022-08-09T20:22:57,1805,2.0,2.0
i7678742,Run,2022-08-07T21:55:28,1802,3.0,1.0
i7359371,Elliptical,2022-07-25T19:36:50,3000,3.0,1.0
i7349793,Run,2022-07-25T08:12:46,1658,4.0,3.0
i7099844,Run,2022-07-12T19:24:55,3990,7.0,2.0
i7085459,Run,2022-07-12T08:01:24,4057,7.0,2.0
i7060843,Run,2022-07-10T19:23:37,5995,3.0,2.0
i7041483,Run,2022-07-09T19:54:05,2413,3.0,4.0
i7026413,Run,2022-07-09T09:11:53,2879,8.0,2.0
i7006295,Run,2022-07-08T08:37:39,3001,4.0,4.0
i6996865,Run,2022-07-07T18:16:39,3734,8.0,3.0
i6983022,Run,2022-07-07T07:45:01,4060,8.0,4.0
i6974131,Elliptical,2022-07-06T19:41:40,3004,3.0,2.0
i6956559,Run,2022-07-06T08:33:35,3077,6.0,5.0
i6947362,Run,2022-07-05T19:27:20,3971,8.0,3.0
i6937384,Run,2022-07-05T08:22:49,4093,7.0,4.0
i6929125,Elliptical,2022-07-04T20:47:27,3002,3.0,3.0
i6899754,Run,2022-07-03T13:55:56,3591,4.0,4.0
i6898091,Elliptical,2022-07-03T12:49:10,3600,7.0,5.0
i6887630,Run,2022-07-02T21:38:22,3809,6.0,3.0
i6874155,Run,2022-07-02T11:19:02,3779,7.0,4.0
i6853428,Run,2022-07-01T13:41:14,4198,5.0,3.0
i6825889,Run,2022-06-30T09:56:25,3608,6.0,4.0
i6812286,Run,2022-06-29T18:30:23,3827,6.0,4.0
i6812212,Swim,2022-06-29T13:33:55,2813,4.0,3.0
i6770440,Run,2022-06-27T20:55:49,3609,5.0,2.0
i6759218,Swim,2022-06-27T13:19:00,3556,5.0,2.0
i6732742,Run,2022-06-26T15:23:25,3604,5.0,4.0
i6710798,Run,2022-06-25T15:39:28,2401,3.0,2.0
i6705837,Swim,2022-06-25T11:08:32,3572,5.0,3.0
i6692639,Run,2022-06-24T16:16:33,1196,3.0,2.0
i6692049,Swim,2022-06-24T14:28:54,3504,5.0,2.0
i6687168,Swim,2022-06-23T09:28:33,3510,5.0,3.0
i6588415,Elliptical,2022-06-20T09:55:30,3605,5.0,3.0
i6580319,Elliptical,2022-06-19T18:05:39,3250,4.0,3.0
i6558829,Elliptical,2022-06-18T18:03:05,3408,5.0,3.0
i6537448,Elliptical,2022-06-17T20:41:27,3608,3.0,1.0
i6517213,Elliptical,2022-06-16T20:12:22,3604,4.0,2.0
i6467292,Elliptical,2022-06-14T20:06:10,3603,4.0,2.0
i6444257,Elliptical,2022-06-13T20:22:43,3604,4.0,2.0
i6419293,Elliptical,2022-06-12T17:57:19,3624,4.0,1.0
i6392327,Elliptical,2022-06-11T18:01:54,3606,5.0,2.0
i6375482,Elliptical,2022-06-10T20:25:38,3602,5.0,3.0
i6352131,Elliptical,2022-06-09T20:08:52,3605,6.0,3.0
i6321304,Elliptical,2022-06-08T20:35:10,3606,4.0,2.0
i6287835,Elliptical,2022-06-07T20:09:41,3605,4.0,1.0
i6216541,Elliptical,2022-06-04T16:55:21,7200,7.0,2.0
i6163363,Run,2022-06-02T07:54:59,3156,5.0,2.0
i6155480,Run,2022-06-01T20:18:58,3077,3.0,2.0
i6137079,Run,2022-06-01T07:52:34,3001,3.0,4.0
i6131258,Run,2022-05-31T19:29:17,3989,6.0,2.0
i6113026,Run,2022-05-31T07:53:02,4082,7.0,3.0
i6106447,Run,2022-05-30T20:37:58,3001,2.0,2.0
i6081217,Run,2022-05-29T16:41:39,6603,4.0,2.0
i6055056,Run,2022-05-28T21:28:27,2402,3.0,2.0
i6042525,Run,2022-05-28T08:17:09,4590,9.0,3.0
i6035704,Run,2022-05-27T18:57:22,3001,3.0,1.0
i6025886,Run,2022-05-27T08:42:38,3001,4.0,3.0
i6017870,Run,2022-05-26T18:58:04,4238,8.0,3.0
i6001628,Run,2022-05-26T08:20:13,4098,8.0,4.0
i5992999,Run,2022-05-25T19:16:34,3151,4.0,4.0
i5975072,Run,2022-05-25T08:00:33,3001,4.0,3.0
i5967257,Run,2022-05-24T18:57:06,4055,7.0,2.0
i5956353,Run,2022-05-24T07:50:59,4080,8.0,4.0
i5950541,Run,2022-05-23T19:33:20,3001,3.0,3.0
i5937916,Run,2022-05-22T19:32:49,6622,4.0,3.0
i5914655,Run,2022-05-21T19:25:46,4683,8.0,2.0
i5893650,Run,2022-05-20T17:40:09,3005,3.0,2.0
i5885614,Run,2022-05-20T08:52:15,1209,2.0,3.0
i5881106,Run,2022-05-19T19:27:28,3508,6.0,2.0
i5863340,Run,2022-05-19T08:16:16,3960,8.0,3.0
i5853183,Run,2022-05-18T18:10:12,3150,3.0,3.0
i5838614,Run,2022-05-18T07:57:27,3001,4.0,3.0
i5826953,Run,2022-05-17T19:38:28,3327,6.0,3.0
i5811010,Run,2022-05-17T08:21:14,4056,8.0,5.0
i5799027,Run,2022-05-16T19:13:27,3225,3.0,3.0
i5779703,Run,2022-05-15T21:00:17,2401,3.0,2.0
i5767182,Run,2022-05-15T08:42:08,3738,8.0,3.0
i5762474,Run,2022-05-14T19:18:43,6658,4.0,2.0
i5742545,Run,2022-05-13T19:21:46,3667,7.0,1.0
i5728601,Run,2022-05-13T07:42:29,4488,5.0,2.0
i5721022,Run,2022-05-12T18:39:01,3001,4.0,3.0
i5708722,Run,2022-05-12T07:49:30,2995,4.0,2.0
i5700962,Run,2022-05-11T19:28:36,3001,3.0,2.0
i5689710,Run,2022-05-11T13:11:56,3019,7.0,1.0
i5679476,Run,2022-05-10T18:28:23,2401,3.0,3.0
i5642421,Run,2022-05-09T12:35:39,605,3.0,2.0
i5642411,Run,2022-05-09T11:42:50,2537,6.0,2.0
i5630766,Run,2022-05-08T16:19:11,2295,2.0,2.0
i5602596,Run,2022-05-07T09:01:22,2405,3.0,2.0
i5596652,Run,2022-05-06T19:33:18,3153,3.0,3.0
i5586032,Run,2022-05-06T09:04:28,3001,3.0,3.0
i5574956,Run,2022-05-05T20:18:57,3961,6.0,1.0
i5549410,Run,2022-05-05T08:09:30,4233,7.0,1.0
i5539202,Run,2022-05-04T19:06:05,3150,3.0,1.0
i5528384,Run,2022-05-04T08:25:45,3000,4.0,4.0
i5519689,Run,2022-05-03T19:35:26,3350,7.0,2.0
i5489699,Run,2022-05-03T08:36:40,3642,7.0,2.0
i5478605,Run,2022-05-02T19:12:03,3146,2.0,2.0
i5454209,Run,2022-05-01T19:19:00,6256,3.0,1.0
i5420426,Run,2022-04-30T08:43:44,4519,8.0,2.0
i5412837,Run,2022-04-29T20:13:56,2999,2.0,1.0
i5393184,Run,2022-04-29T09:35:58,3000,2.0,1.0
i5381463,Run,2022-04-28T16:50:37,3180,6.0,3.0
i5363582,Run,2022-04-28T08:27:48,3181,6.0,3.0
i5351430,Run,2022-04-27T19:58:23,3000,3.0,2.0
i5335548,Run,2022-04-27T08:25:57,3156,3.0,3.0
i5320328,Run,2022-04-26T19:14:25,3106,6.0,2.0
i5306493,Run,2022-04-26T08:25:12,3192,7.0,2.0
i5293189,Run,2022-04-25T19:20:20,3006,2.0,2.0
i5264755,Run,2022-04-24T17:09:28,6003,6.0,3.0
i5243350,Run,2022-04-23T18:47:45,2401,2.0,3.0
i5229820,Run,2022-04-23T07:57:24,4518,8.0,3.0
i5222510,Run,2022-04-22T19:12:47,3000,3.0,3.0
i5208072,Run,2022-04-22T08:43:03,3321,4.0,4.0
i5188445,Run,2022-04-21T18:18:40,3244,6.0,4.0
i5161816,Run,2022-04-21T09:06:41,3164,6.0,3.0
i5144909,Run,2022-04-20T18:35:37,2998,3.0,3.0
i5136906,Run,2022-04-20T10:26:59,2848,4.0,3.0
i5120594,Run,2022-04-19T20:54:36,3677,6.0,2.0
i5104600,Run,2022-04-19T08:58:49,3262,6.0,1.0
i5072196,Run,2022-04-17T17:57:50,5541,6.0,2.0
i5038210,Run,2022-04-16T10:04:13,3243,6.0,3.0
i5029833,Run,2022-04-15T18:35:31,3678,4.0,1.0
i4991195,Run,2022-04-14T08:59:20,3282,5.0,3.0
i4980537,Run,2022-04-13T18:55:10,2402,4.0,3.0
i4970422,Run,2022-04-13T08:53:43,2719,3.0,3.0
i4952514,Run,2022-04-12T18:10:08,3355,6.0,2.0
i4939895,Run,2022-04-12T07:35:30,3397,4.0,1.0
i4924716,Run,2022-04-11T18:38:19,3248,3.0,1.0
i4891910,Run,2022-04-10T04:55:27,5399,4.0,3.0
i4877508,Elliptical,2022-04-09T16:33:20,3495,8.0,2.0
i4864486,Run,2022-04-09T09:09:26,3457,5.0,2.0
i4852480,Run,2022-04-08T18:22:20,2999,3.0,2.0
i4831747,Run,2022-04-07T17:56:57,3294,5.0,3.0
i4822934,Run,2022-04-07T12:07:19,3518,4.0,2.0
i4806020,Run,2022-04-06T17:10:39,3131,2.0,2.0
i4792109,Run,2022-04-06T07:59:15,2707,3.0,4.0
i4783409,Run,2022-04-05T18:42:06,3317,5.0,2.0
i4771758,Run,2022-04-05T07:41:27,3194,5.0,2.0
i4764441,Run,2022-04-04T18:10:22,2402,2.0,1.0
i4740138,Run,2022-04-03T10:35:07,5010,4.0,2.0
i4728327,Run,2022-04-02T15:02:18,3338,4.0,3.0
i4722436,Elliptical,2022-04-02T09:26:21,3495,8.0,2.0
i4715823,Elliptical,2022-04-01T19:55:39,4800,4.0,4.0
i4697342,Run,2022-04-01T09:33:33,2701,3.0,1.0
i4679804,Run,2022-03-31T18:34:54,3361,4.0,2.0
i4665928,Run,2022-03-31T09:10:35,3357,4.0,2.0
i4558371,Run,2022-03-27T17:20:32,2399,3.0,1.0
i4549803,Run,2022-03-27T10:03:30,2399,3.0,2.0
i4540404,Elliptical,2022-03-26T16:37:45,2895,7.0,2.0
i4532475,Run,2022-03-26T08:47:58,2399,5.0,3.0
i4527397,Run,2022-03-25T17:57:46,2446,3.0,1.0
i4519930,Run,2022-03-25T07:52:02,2401,4.0,2.0
i4516723,Elliptical,2022-03-24T19:47:30,2400,3.0,2.0
i4516059,Run,2022-03-24T18:58:42,2401,3.0,1.0
i4505389,Run,2022-03-24T07:45:45,2392,3.0,2.0
i4497149,Elliptical,2022-03-23T17:53:14,4800,3.0,3.0
i4481847,Run,2022-03-23T08:01:29,2397,3.0,2.0
i4477712,Elliptical,2022-03-22T20:16:57,2400,3.0,2.0
i4476726,Run,2022-03-22T19:33:04,2393,4.0,3.0
i4457990,Run,2022-03-22T07:10:36,2400,4.0,2.0
i4450757,Elliptical,2022-03-21T17:55:49,4800,3.0,2.0
i4430867,Elliptical,2022-03-20T17:40:03,4801,6.0,4.0
i4421510,Run,2022-03-20T09:14:47,2401,3.0,2.0
i4405379,Elliptical,2022-03-19T10:10:29,3150,7.0,2.0
i4405365,Run,2022-03-19T09:12:00,2405,3.0,2.0
i4399855,Run,2022-03-18T21:20:11,2394,3.0,1.0
i4392772,Run,2022-03-18T07:46:30,2400,3.0,3.0
i4376286,Elliptical,2022-03-17T18:12:53,4560,8.0,3.0
i4356574,Run,2022-03-17T07:51:53,2399,4.0,3.0
i4348861,Run,2022-03-16T19:00:36,2401,3.0,2.0
i4338571,Run,2022-03-16T11:06:38,2079,2.0,1.0
i4324490,Elliptical,2022-03-15T16:26:38,4260,6.0,2.0
i4317686,Run,2022-03-15T07:20:39,2697,3.0,3.0
i4310960,Elliptical,2022-03-14T19:21:40,3600,3.0,2.0
i4294236,Elliptical,2022-03-13T17:42:24,4800,4.0,3.0
i4293017,Run,2022-03-13T16:56:44,2401,3.0,1.0
i4271643,Ride,2022-03-12T18:05:01,2295,9.0,2.0
i4260577,Elliptical,2022-03-12T09:19:18,2760,7.0,3.0
i4256495,Run,2022-03-12T08:28:21,2401,3.0,1.0
i4250252,Elliptical,2022-03-11T20:29:02,2402,2.0,2.0
i4234098,Run,2022-03-11T07:39:51,2401,3.0,3.0
i4229591,Elliptical,2022-03-10T18:26:31,4560,7.0,2.0
i4216437,Run,2022-03-10T07:58:40,2397,3.0,1.0
i4210481,Elliptical,2022-03-09T18:45:41,2400,3.0,1.0
i4196257,Run,2022-03-09T07:53:13,2401,3.0,2.0
i4188655,Elliptical,2022-03-08T19:08:40,4260,7.0,1.0
i4176367,Run,2022-03-08T07:42:16,2402,3.0,1.0
i4167944,Swim,2022-03-07T18:27:46,3098,5.0,2.0
i4143183,Elliptical,2022-03-06T12:10:14,5400,4.0,2.0
i4140612,Run,2022-03-06T11:36:25,1801,2.0,1.0
i4131860,Ride,2022-03-05T15:27:21,1890,8.0,3.0
i4131417,Elliptical,2022-03-05T14:12:10,4140,7.0,2.0
i4123351,Run,2022-03-05T10:17:36,1799,3.0,2.0
i4110038,Elliptical,2022-03-04T14:17:21,3000,4.0,3.0
i4099639,Run,2022-03-04T07:50:31,1862,3.0,2.0
i4091008,Elliptical,2022-03-03T18:24:21,5160,6.0,3.0
i4075619,Run,2022-03-03T07:48:31,1797,3.0,2.0
i4067919,Elliptical,2022-03-02T20:36:27,3600,5.0,3.0
i4057373,Run,2022-03-02T07:45:47,1795,3.0,2.0
i4050288,Elliptical,2022-03-01T18:51:06,4860,7.0,3.0
i4035253,Run,2022-03-01T08:12:35,1864,3.0,2.0
i4021604,Elliptical,2022-02-28T14:02:22,3021,3.0,2.0
i4007128,Elliptical,2022-02-27T17:38:36,4830,5.0,3.0
i3995935,Run,2022-02-27T09:46:58,1793,3.0,2.0
i3991882,Ride,2022-02-26T18:37:48,1491,8.0,2.0
i3991859,Elliptical,2022-02-26T17:12:14,4975,6.0,3.0
i3974644,Elliptical,2022-02-25T19:28:13,3000,5.0,3.0
i3963479,Run,2022-02-25T07:54:40,1797,3.0,1.0
i3956360,Elliptical,2022-02-24T18:12:50,6960,5.0,2.0
i3917837,Run,2022-02-23T07:29:36,1839,3.0,1.0
i3911908,Elliptical,2022-02-22T17:59:18,6660,5.0,1.0
i3893939,Swim,2022-02-21T18:59:14,2892,5.0,1.0
i3877536,Run,2022-02-21T06:43:56,1803,3.0,1.0
i3865212,Elliptical,2022-02-20T09:25:55,6600,4.0,2.0
i3857924,Ride,2022-02-19T18:46:51,450,7.0,1.0
i3857825,Elliptical,2022-02-19T17:35:33,3749,6.0,3.0
i3856830,Run,2022-02-19T16:49:23,2134,3.0,2.0
i3843132,Elliptical,2022-02-18T18:27:56,4800,5.0,4.0
i3828664,Elliptical,2022-02-17T19:17:09,5280,5.0,3.0
i3825051,Run,2022-02-17T18:33:02,2154,2.0,2.0
i3807211,Elliptical,2022-02-16T19:29:10,4800,3.0,2.0
i3783145,Elliptical,2022-02-15T19:22:42,5100,5.0,1.0
i3781949,Run,2022-02-15T18:32:03,2332,2.0,1.0
i3766210,Swim,2022-02-14T19:00:52,3279,4.0,2.0
i3742635,Elliptical,2022-02-13T11:20:41,6600,4.0,1.0
i3715093,Swim,2022-02-11T18:00:51,3602,4.0,2.0
i3678552,Elliptical,2022-02-10T16:27:26,5400,5.0,2.0
i3665045,Swim,2022-02-09T18:29:52,1826,4.0,3.0
i3624295,Elliptical,2022-02-08T15:38:33,5700,6.0,1.0
i3620812,Run,2022-02-08T14:55:47,1922,3.0,1.0
i3606837,Swim,2022-02-07T18:25:31,3180,3.0,2.0
i3570144,Swim,2022-02-06T14:45:27,3587,4.0,2.0
i3570142,Run,2022-02-06T13:59:28,1769,2.0,2.0
